Emp ID,Name,Service Line,Level,Location,Skills,Contact Number,Email,Role
104348,"Parulekar,Manish Shrikrishna",Java,D2,Mumbai,,,manish.parulekar@capgemini.com  ,Interviewer
104682,"Dalvi, Asit Shivram",Database,D1,Mumbai,,,asit.dalvi@capgemini.com,Interviewer
104473,"Pendse,Pradyumna Bhaskar",Java,D2,Mumbai,,,pradyumna.pendse@capgemini.com,Interviewer
104069,"Santharam,Uma",Java,D1,Mumbai,BLOCKCHAIN,,uma.santharam@capgemini.com,Interviewer
107260,"Raut,Niket K",Java,D1,Mumbai,IOT,,niket.raut@capgemini.com,Interviewer
104069,"Anwar, Afzal",Java,D1,Mumbai,MICROSERVICES,,afzal-anwar.afzal-anwar@capgemini.com,Interviewer
107414,"Easterson,Nathanael Theophilus",Java,D1,Chennai,,,nathanael-theophilus.easterson@capgemini.com,Interviewer
104699,"Kadam,Nitesh Balkrishna",Java,D1,Mumbai,DEVOPS,9769276209,nitesh.kadam@capgemini.com,Interviewer
108156,Malathy Murugan,Java,D1,Chennai,RPA,,malathy.murugan@capgemini.com,Interviewer
110276,Jinu Johnpaul Paulose,Legacy,C1,Bangalore,IOT,,jinu.paulose@capgemini.com,Interviewer
108597,Vidhya Selvaraj,Java,B2,Mumbai,MICROSERVICES,,vidhya.selvaraj@capgemini.com,Interviewer
115167,Anand Metu,Java,B2,Bangalore,,,anand.metu@capgemini.com,Interviewer
116033,Rishika Sushil Bais,.Net,B1,Mumbai,UI,,rishika.bais@capgemini.com,Interviewer
114925,Ruby Gigin,Java,B1,Mumbai,UI,,ruby.gigin@capgemini.com,Interviewer
115787,Anjali Surendrakumar Jain,Java,B1,Mumbai,MICROSERVICES,9712639470,anjali.a.jain@capgemini.com,Interviewer
80423,Das Swastic (swasdas),Java,B1,Mumbai,MICROSERVICES,9439749233,swastic.das@capgemini.com,Interviewer
113405,Vicky Sharma,Java,A5,Mumbai,MICROSERVICES,,vicky.sharma@capgemini.com,Interviewer
116035,Nikita Prashant Sable,.Net,A5,Mumbai,,,nikita.sable@capgemini.com,Interviewer
117450,Shagufa Nausheen,.Net,A5,Mumbai,MICROSERVICES,,shagufa.nausheen@capgemini.com,Interviewer
115935,Komal Dattrao Sawant,Java,A5,Mumbai,,,komal.sawant@capgemini.com,Interviewer
117631,Rima Dsa,.Net,A5,Mumbai,,,rima.dsa@capgemini.com,Interviewer
117452,Kumari Madhulika,.Net,A5,Mumbai,MICROSERVICES,,kumari.madhulika@capgemini.com,Interviewer
117382,Kiran Prakash Golla,Java,A5,Mumbai,UI,7738428636,kiran.golla@capgemini.com,Interviewer
116580,Nilasish Chakraborty,Mainframe,A5,Mumbai,IOT,,nilasish.chakraborty@capgemini.com,Interviewer
134214,Ishan Patel,Java,A5,Mumbai,MICROSERVICES,8511171039,ishan.patel@capgemini.com,Interviewer
134231,Sanjeev Kumar Ahirwar,Java,A5,Mumbai,MICROSERVICES,,sanjeev.ahirwar@capgemini.com,Interviewer
120815,Disha Vaidya,Java,A5,Mumbai,UI,,disha.a.vaidya@capgemini.com,Interviewer
130202,Kunal Jagtap,Java,A5,Mumbai,IOT,,kunal.jagtap@capgemini.com,Interviewer
133505,Aditiya Srivastava,.Net,A5,Mumbai,MICROSERVICES,,aditiya.srivastava@capgemini.com,Interviewer
134177,Ahan Vashi,Java,A5,Mumbai,MICROSERVICES,,ahan.vashi@capgemini.com,Interviewer
134179,Akshat Mangal,Java,A5,Mumbai,UI,9097835220,akshat.mangal@capgemini.com,Interviewer
134190,Amrita Kumari,Java,A5,Mumbai,MACHINE LEARNING,,amrita.a.kumari@capgemini.com,Interviewer
130598,Bhosale Pallavi (pabhosal),Java,A5,Mumbai,MICROSERVICES,,pallavi.bhosale@capgemini.com,Interviewer
134204,Biplav Kumar,Java,A5,Mumbai,BLOCKCHAIN,,biplav.kumar@capgemini.com,Interviewer
128650,Eswari Aparna Maturi (meswaria),Java,A5,Mumbai,UI,,maturi.eswari-aparna@capgemini.com,Interviewer
134234,Roshni Patel,Java,A5,Mumbai,MICROSERVICES,8347454818,roshni.patel@capgemini.com,Interviewer
134249,Shubham Awasthi,Java,A5,Mumbai,MICROSERVICES,8318511892,shubham.awasthi@capgemini.com,Interviewer
134259,Shubham Parasher,Java,A5,Mumbai,BLOCKCHAIN,,shubham.parasher@capgemini.com,Interviewer
136264,Sunil Prajapati,BULT,A5,Mumbai,MACHINE LEARNING,,sunil.a.prajapati@capgemini.com,Interviewer
117383,Naveen Kumar Chinnathambi,Java,A5,Bangalore,,,naveen.chinnathambi@capgemini.com,Interviewer
133599,Dhanashree Deepak Pawar,Java,A5,Mumbai,MICROSERVICES,,dhanashree.pawar@capgemini.com,Interviewer
138319,Emil Biju Njondimakal,.Net,A5,Mumbai,UI,,emil.njondimakal@capgemini.com,Interviewer
138236,Kolli Vijay Kumar,.Net,A5,Mumbai,MICROSERVICES,9550119809,vijay-kumar.kolli@capgemini.com,Interviewer
138277,Murlidhar Pandey,.Net,A5,Mumbai,IOT,,murlidhar.pandey@capgemini.com,Interviewer
134232,Sai Teja Pamulapati,Java,A5,Mumbai,,,perepa.sailaja@capgemini.com,Interviewer
134248,Sheshin Reddy Shivampeta,Java,A5,Mumbai,BLOCKCHAIN,,sheshin.shivampeta@capgemini.com,Interviewer
103218,Varun Kumar Reddy Palugula,pl/sql,A5,Mumbai,UI,,varun-kumar.palugula@capgemini.com,Interviewer
116075,Stephens Jeswina Raajini (jessteph),Java,A5,Chennai,MICROSERVICES,,jeswina-raajini.stephens@capgemini.com,Interviewer
115372,Mohd Saheel Hyder Mian Sayyed,Java,A4,Mumbai,,,mohd-saheel.sayyed@capgemini.com,Interviewer
117384,Astha Kohli,.Net,A4,Mumbai,,,"astha.kohli@capgemini.com  
",Interviewer
118286,Pranita Rajendra Fulzele,Java,A4,Mumbai,UI,,pranita.fulzele@capgemini.com,Interviewer
118204,Suraj Mohan Belgaonkar,Java,A4,Mumbai,,,suraj.belgaonkar@capgemini.com,Interviewer
119054,Raj Ratan,Niche UI,A4,Mumbai,,,raj.ratan@capgemini.com,Interviewer
115359,Vijay Radhakrishnan Nair,Java,A4,Mumbai,,,vijay.a.nair@capgemini.com,Interviewer
92634,Aqueel Shaikh,Java,A4,Mumbai,MICROSERVICES,,aqueel.shaikh@capgemini.com,Interviewer
92636,Akanksha Rawatale,Java,A4,Mumbai,,,akanksha.rawatale@capgemini.com,Interviewer
92946,Ayushi Dawada,Java,A4,Mumbai,UI,,ayushi.dawada@capgemini.com,Interviewer
115985,Ankita Srivastava,Java,A4,Mumbai,MICROSERVICES,,ankita.srivastava@capgemini.com,Interviewer
115419,Vaibhav Harshad Patel,Java,A4,Mumbai,IOT,,vaibhav.patel@capgemini.com,Interviewer
95966,Divakar Rana,Java,A4,Mumbai,,,divakar.rana@capgemini.com,Interviewer
95932,Garima Gupta,Java,A4,Mumbai,UI,,garima.d.gupta@capgemini.com,Interviewer
96106,Shikhar Chaure,Java,A4,Mumbai,IOT,9630799429,shikhar.chaure@capgemini.com,Interviewer
96296,Arun Teja Chaturvedula,Java,A4,Chennai,UI,,arun.chaturvedula@capgemini.com,Interviewer
96427,Dinesh K,Java,A4,Chennai,MICROSERVICES,,dinesh.k@capgemini.com,Interviewer
91973,Jinesh Jain,Java,A4,Chennai,UI,,jinesh.a.jain@capgemini.com,Interviewer
96277,Venkata Ravindranath Bethamsetty,Java,A4,Chennai,UI,,venkata-ravindranath.bethamsetty@capgemini.com,Interviewer
95895,Narendra Sharma,Java,A4,Mumbai,MICROSERVICES,9893275825,narendra.a.sharma@capgemini.com,Interviewer
82621,Pallavi Darade,Java,A4,Mumbai,,,pallavi.darade@capgemini.com,Interviewer
96019,Shreya Rajashekhar Garipalli,Java,A4,Mumbai,MICROSERVICES,,shreya.garipalli@capgemini.com,Interviewer
95968,Ity Mehta,Java,A4,Mumbai,,,ity.mehta@capgemini.com,Interviewer
117824,Shivani Mishra,Java,A4,Mumbai,MICROSERVICES,,shivani.mishra@capgemini.com,Interviewer
91972,Gavrai Suresh Latika Erkar,Java,A4,Chennai,MICROSERVICES,9673784614,gavrai-suresh.latika-erkar@capgemini.com,Interviewer
118150,Jatin Arora,Java,A4,Mumbai,MICROSERVICES,,jatin.arora@capgemini.com  ,Interviewer
96071,Rajat Kumar,Java,A4,Mumbai,,,rajat.d.kumar@capgemini.com,Interviewer
95973,Ibrahim Saiyed,Java,A4,Mumbai,,,ibrahim.saiyed@capgemini.com,Interviewer
95876,Shreya Jaiswal,Java,A4,Mumbai,DEVOPS,9039685642,shreya.jaiswal@capgemini.com,Interviewer
95926,Sonakshi Goyal,Java,A4,Mumbai,,,sonakshi.goyal@capgemini.com,Interviewer
92636,Kartiki Vilas Ajmera,Java,A4,Mumbai,BLOCKCHAIN,,kartiki.vilas-ajmera@capgemini.com,Interviewer
115494,Aniket Ashok Kokate,Java,A4,Mumbai,BLOCKCHAIN,,aniket.kokate@capgemini.com,Interviewer
92902,Abhijit Phoolchandra Vishwakarma,Java,A4,Mumbai,MICROSERVICES,8097394203,abhijit.vishwakarma@capgemini.com,Interviewer
95894,Nikita Verma,Java,A4,Mumbai,UI,8169695906,nikita.b.verma@capgemini.com,Interviewer
100855,Priyankar Banerjee,Java,A4,Mumbai,,,priyankar.banerjee@capgemini.com,Interviewer
120614,Spriha Singh,Java,A4,Mumbai,UI,,spriha.singh@capgemini.com ,Interviewer
96016,Suhani Jain,Java,A4,Mumbai,UI,,suhani.jain@capgemini.com,Interviewer
95971,Farheen Sadriwala,Java,A4,Mumbai,UI,7030602104,farheen.sadriwala@capgemini.com,Interviewer
85823,Inchara U,Java,A4,Bangalore,MICROSERVICES,,inchara.u@capgemini.com,Interviewer
85828,Supriya Mahesh ,Java,A4,Bangalore,MICROSERVICES,,supriya.mahesh@capgemini.com,Interviewer
99909,Camy Alban Dsilva,Java,A4,Chennai,MICROSERVICES,,camy-alban.dsilva@capgemini.com,Interviewer
100906,Soumik Nath,Java,A4,Chennai,UI,,soumik.nath@capgemini.com,Interviewer
100907,Sourav Ray,Java,A4,Chennai,UI,,sourav.a.ray@capgemini.com,Interviewer
96024,Nimit kothari,Java,A4,Mumbai,MICROSERVICES,7738503795,nimit.kothari@capgemini.com,Interviewer
121829,Bhavani Patil,Java,A4,Mumbai,,,bhavani.patil@capgemini.com,Interviewer
121832,Yerasi Mounika,Java,A4,Mumbai,,,yerasi.mounika@capgemini.com,Interviewer
121838,Monika Khuntia,Java,A4,Mumbai,,,monika.khuntia@capgemini.com,Interviewer
95896,Manika Avinash,Java,A4,Mumbai,MICROSERVICES,,manika.avinash@capgemini.com,Interviewer
100707,Bindu Madhavi Valiveti,Java,A4,Chennai,MICROSERVICES,,bindu-madhavi.valiveti@capgemini.com,Interviewer
96348,Lavanya Bommidi,Java,A4,Chennai,MICROSERVICES,,lavanya.bommidi@capgemini.com,Interviewer
96358,Maruthi Naga Sai Satya Udayasree Gunturu,Java,A4,Chennai,MICROSERVICES,,maruthi-naga-sai.gunturu@capgemini.com,Interviewer
95977,Girjesh Soni,Java,A4,Mumbai,MICROSERVICES,,girjesh.soni@capgemini.com,Recruiter
100905,Soumi Saha,Java,A4,Chennai,UI,,soumi.saha@capgemini.com,Recruiter
100710,Swaminathan Rajagopal,Java,A4,Chennai,MICROSERVICES,,swaminathan.rajagopal@capgemini.com,Recruiter
100708,Swarna Lekha Vallamsetty,Java,A4,Chennai,UI,,swarna.vallamsetty@capgemini.com,Recruiter
100709,Vishwas Sinha,Java,A4,Chennai,UI,,vishwas.sinha@capgemini.com,Recruiter
121831,Chaithrashree RS,Java,A4,Mumbai,,,chaithrashree.rs@capgemini.com,Recruiter
96105,Sakshi Chaturvedi,Java,A4,Mumbai,MICROSERVICES,,sakshi.chaturvedi@capgemini.com,Recruiter
120078,Vikas Petwal,Java,A4,Chennai,UI,,vikas.petwal@capgemini.com,Recruiter
96093,Samarth .,Java,A4,Mumbai,IOT,,samarth.a@capgemini.com,Recruiter
96041,Astha Rawat,Java,A4,Mumbai,MICROSERVICES,,astha.rawat@capgemini.com,Recruiter
120328,Manohar Kumar,Java,A4,Mumbai,MICROSERVICES,,manohar.kumar@capgemini.com,Recruiter
91975,Darshit Nathani,Java,A4,Chennai,MACHINE LEARNING,,darshit-jayesh.nathani@capgemini.com,Recruiter
100713,AnanthaKrishnan Deenadayalan,Java,A4,Chennai,,,ananthakrishnan.deenadayalan@capgemini.com,Recruiter
100914,Subhajit Banerjee,Java,A4,Chennai,BLOCKCHAIN,,subhajit.banerjee@capgemini.com,Recruiter
96076,Prathu Mandawariya,Java,A4,Chennai,UI,,prathu.mandawariya@capgemini.com,Recruiter
100943,Aakanksha Badola,Java,A4,Mumbai,MICROSERVICES,,aakanksha.badola@capgemini.com,Recruiter
100586,Himanshu Sajwan,Java,A4,Mumbai,MICROSERVICES,,himanshu.sajwan@capgemini.com,Recruiter
100711,Subarnarekha Umachandran,Java,A4,Chennai,,,subarnarekha.umachandran@capgemini.com,Recruiter
96056,Aishwarya Sharma,Java,A4,Mumbai,DEVOPS,9805667973,aishwarya.b.sharma@capgemini.com,Recruiter
100462,Pallavi Gajwani,Java,A4,Mumbai,BLOCKCHAIN,,pallavi.gajwani@capgemini.com,Recruiter
100923,Sundareswar Das,Java,A4,Chennai,BLOCKCHAIN,,sundareswar.das@capgemini.com,Recruiter
100924,Suparna Roy,Java,A4,Chennai,BLOCKCHAIN,,suparna.roy@capgemini.com,Recruiter
100904,SK Mamun Arfin,Java,A4,Chennai,IOT,,sk.arfin@capgemini.com,Recruiter
102447,Mayank Thakur,Java,A4,Chennai,MICROSERVICES,,mayank.thakur@capgemini.com,Recruiter
100912,Sritama Panda,Java,A4,Chennai,BLOCKCHAIN,,sritama.panda@capgemini.com,Recruiter
97671,Nimisha Chaturvedi,Legacy,A4,Mumbai,,,nimisha.chaturvedi@capgemini.com ,Recruiter
103141,Vinita Bhojwani,Java,A4,Mumbai,UI,,vinita.bhojwani@capgemini.com,Recruiter
121536,Megha C,Java,A4,Chennai,MICROSERVICES,,megha.c@capgemini.com,Recruiter
102505,Vikas Gupta,Java,A4,Chennai,BLOCKCHAIN,,vikas.i.gupta@capgemini.com,Recruiter
96015,Sonam Jain,Java,A4,Mumbai,UI,,sonam.jain@capgemini.com,Recruiter
121507,Harsha R,Java,A4,Chennai,MICROSERVICES,,harsha.r@capgemini.com,Recruiter
121388,kajal Arun kadam,Java,A4,Chennai,UI,,kajal.kadam@capgemini.com,Recruiter
121386,Milind Balasaheb Rohokale,Java,A4,Mumbai,UI,7975898047,milind.rohokale@capgemini.com,Recruiter
100917,Subhobrata Roy,Java,A4,Mumbai,MICROSERVICES,,subhobrata.roy@capgemini.com,Recruiter
122519,Vinkle Khan,Java,A4,Chennai,MICROSERVICES,,vinkle.khan@capgemini.com,Recruiter
99349,Ashok Devkate,Java,A4,Mumbai,DEVOPS,7588507398,ashok.devakate@capgemini.com,Recruiter
100928,Urshita Das,Java,A4,Chennai,MICROSERVICES,,urshita.das@capgemini.com,Recruiter
121535,Keerthi G Hegde,Java,A4,Chennai,RPA,,keerthi.hegde@capgemini.com,Recruiter
120652,Nikhil Rajput,Java,A4,Mumbai,MICROSERVICES,8527531499,nikhil.rajput@capgemini.com,Recruiter
124850,Anitha Boddupally,Java,A4,Chennai,MICROSERVICES,,anitha.boddupally@capgemini.com,Recruiter
120645,Rahul Kumar Lall,Java,A4,Chennai,RPA,,rahul.lall@capgemini.com,Recruiter
118116,Ramya Dilli,Java,A4,Chennai,UI,,ramya.dilli@capgemini.com,Recruiter
117873,Sripriya Banavath,Java,A4,Chennai,UI,,sripriya.banavath@capgemini.com,Recruiter
124849,Anusha Alampalli,Java,A4,Chennai,MICROSERVICES,,anusha.alampalli@capgemini.com,Recruiter
133526,Anjali Sharma,Java,A4,Mumbai,MICROSERVICES,7391033007,anjali.h.sharma@capgemini.com,Recruiter
96352,Spanadana Bola,Java,A4,Chennai,MICROSERVICES,,spanadana.bola@capgemini.com,Recruiter
97788,Hulsi Nakhasi,Java,A4,Mumbai,UI,,hulsi.nakhasi@capgemini.com,Recruiter
131034,Addaganti Saikishore,Java,A4,Chennai,MICROSERVICES,,saikishore.addaganti@capgemini.com,Recruiter
95897,Mayank Soni,Java,A4,Mumbai,UI,,mayank.a.soni@capgemini.com,Recruiter
100921,Sumana Ghosh,Java,A4,Chennai,MICROSERVICES,,sumana.ghosh@capgemini.com,Recruiter
100926,Swati .,Java,A4,Chennai,MICROSERVICES,,swati.c.swati@capgemini.com,Recruiter
133019,Ranga Deepa,Java,A4,Chennai,MICROSERVICES,,deepa.ranga@capgemini.com,Recruiter
103094,Vijaya lakshmi Nuthalapati,.Net,A4,Chennai,MACHINE LEARNING,,vijaya-lakshmi.nuthalapati@capgemini.com,Recruiter
133827,Vineetha Pola,Java,A4,Chennai,RPA,,vineetha.pola@capgemini.com,Recruiter
96399,Abhijit Singh,Legacy,A4,Bangalore,,,abhijit.a.singh@capgemini.com,Recruiter
120214,Pola Manasa,Java,A4,Bangalore,,,pola.manasa@capgemini.com,Recruiter
97027,Preeti Sardana,Java,A4,Bangalore,,,preeti.sardana@capgemini.com,Recruiter
100712,Priyadharshini Jayakumar,Java,A4,Chennai,,,priyadharshini.jayakumar@capgemini.com ,Recruiter
119059,Sodum Sucharitha,Java,A4,Bangalore,,,sodum.sucharitha@capgemini.com  ,Recruiter
100635,Sowmya Vakiti,Java,A4,Bangalore,,,sowmya.vakiti@capgemini.com,Recruiter
119836,Vinay Venkatesha,Java,A4,Bangalore,,,vinay.venkatesha@capgemini.com,Recruiter
99360,Avinash Jogi,Java,A4,Mumbai,MICROSERVICES,,avinash.jogi@capgemini.com,Recruiter
133455,Payal Rajani,Java,A4,Mumbai,MICROSERVICES,,payal.rajani@capgemini.com,Recruiter
100929,Ushasree Sanyal,Java,A4,Chennai,MICROSERVICES,,ushasree.sanyal@capgemini.com,Recruiter
133542,Neeharika Bandi,Java,A4,Chennai,MACHINE LEARNING,,neeharika.bandi@capgemini.com,Recruiter
133903,Priyanka Thati,Java,A4,Chennai,RPA,,priyanka.thati@capgemini.com,Recruiter
115422,Mohit Kumar Chandraprakash Agrahari,Java,A3,Mumbai,MICROSERVICES,,mohit-kumar.agrahari@capgemini.com,Recruiter
115358,Aseem Ajay Rohilla,Java,A3,Mumbai,UI,7977484122,aseem.rohilla@capgemini.com,Recruiter
120081,Komal Vanare,Java,A3,Mumbai,DEVOPS,,komal.vanare@capgemini.com,Recruiter
120080,Priyanka Palankar,Java,A3,Mumbai,DEVOPS,,priyanka.palankar@capgemini.com,Recruiter
120076,Supriya Umesh Tiwari,Java,A3,Mumbai,UI,8286746115,supriya.a.tiwari@capgemini.com,Recruiter
120078,Yogita Shankar Kadam,Java,A3,Mumbai,MICROSERVICES,8652069972,yogita.kadam@capgemini.com,Recruiter
120082,Ankita Ashok Chalke,Java,A3,Mumbai,MICROSERVICES,8652699560,ankita.chalke@capgemini.com,Recruiter
130603,Chandorkar Rutuja (rchandor),Java,A3,Mumbai,DEVOPS,,rutuja.chandorkar@capgemini.com,Recruiter
133467,Komal Agrawal,Java,A3,Chennai,UI,,komal.a.agrawal@capgemini.com,Recruiter
131243,Madugula Sai Sandhya,Java,A3,Chennai,RPA,,sai.madugula@capgemini.com,Recruiter
135603,Jaganathan Madhappan,Java,A3,Chennai,RPA,,jaganathan.madhappan@capgemini.com,Recruiter
135584,Kumar Deepak,Java,A3,Chennai,RPA,,deepak.ad.kumar@capgemini.com,Recruiter
135550,Muthukumar Manojkumar,Java,A3,Chennai,RPA,,manojkumar.muthukumar@capgemini.com,Recruiter
135589,NACHIMUTHU DEVARAJAN,Java,A3,Chennai,RPA,,devarajan.nachimuthu@capgemini.com,Recruiter
135559,S Liji,Java,A3,Chennai,RPA,,liji.s@capgemini.com,Recruiter
130561,Shereen Aijaz Ali Ansari,Java,A3,Mumbai,DEVOPS,8097206244,shereen.ansari@capgemini.com,Recruiter
133343,P Muthupandian (muthup),Java,A3,Chennai,RPA,,muthupandian.p@capgemini.com,Recruiter
124820,Anchala Devendra (danchala),Java,A3,Chennai,RPA,,devendra.anchala@capgemini.com,Recruiter
135606,Raja S Karthik (krajas),Java,A3,Chennai,RPA,,karthik.raja-s@capgemini.com,Recruiter
137456,Nadarajan Narmatha (nnadaraj),Java,A3,Chennai,RPA,,narmatha.nadarajan@capgemini.com,Recruiter
135579,S K kavinanthini (kavisk),Java,A3,Chennai,RPA,,kavinanthini.s-k@capgemini.com,Recruiter
133335,K Karthik (kk24),Java,A3,Chennai,RPA,,karthik.j.k@capgemini.com,Recruiter
137342,Karthick R,Java,A3,Chennai,RPA,,karthick.b.r@capgemini.com,Recruiter
117746,Ruchika kaurav,Java,A3,Mumbai,UI,,ruchika.kaurav@capgemini.com,Recruiter
133351,Kanchan Raj,Java,A3,Chennai,RPA,,kanchan.raj@capgemini.com,Recruiter
