Emp ID,Name,Service Line,Level,Location,Skills,Contact Number,Email,Role
104348,"Parulekar,Manish Shrikrishna",Java,D2,Mumbai,"Java,DevOps",, manish.parulekar@capgemini.com  ,Interviewer
104682,"Dalvi, Asit Shivram",Database,D1,Mumbai,"Oracle Apps,Oracle,SQL server,ASP,VB,.NET",9833779425,asit.dalvi@capgemini.com,Interviewer
104473,"Pendse,Pradyumna Bhaskar",Java,D2,Mumbai,Java,, pradyumna.pendse@capgemini.com,Interviewer
104069,"Santharam,Uma",Java,D1,Mumbai,Java,, uma.santharam@capgemini.com,Interviewer
107260,"Raut,Niket K",Java,D1,Mumbai,Java,9920292289, niket.raut@capgemini.com,Interviewer
104069,"Anwar, Afzal",Java,D1,Mumbai,.Net,,afzal-anwar.afzal-anwar@capgemini.com,Interviewer
107414,"Easterson,Nathanael Theophilus",Java,D1,Chennai,"Java,Business Analysis",, nathanael-theophilus.easterson@capgemini.com,Interviewer
104699,"Kadam,Nitesh Balkrishna",Java,D1,Mumbai,DevOps,, nitesh.kadam@capgemini.com,Interviewer
1758,Nitesh Kothari,Java,C2,Mumbai,"Java,Spring",,nitesh.kothari@capgemini.com,Interviewer
3565,Rahul Gurunandan Rao,Legacy,D1,Mumbai,Subversion,9820058281,rahul.rao@capgemini.com,Interviewer
4819,Dhiren Premchand Maru,Java,D1,Mumbai,Java,8879111408,dhiren.maru@capgemini.com,Interviewer
6206,Ramesh Ramu,Legacy,C2,Bangalore,PowerBuilder,9980802025,ramesh.ramu@capgemini.com,Interviewer
7229,Shoaib Wajed Syedwali,Java,C2,Mumbai,Java,9819552256,shoaib.syedwali@capgemini.com,Interviewer
8601,Smrutitirtha Ray,Niche UI,C1,Bangalore,Java,9611655778,ray.smrutitirtha@capgemini.com,Interviewer
8908,Jignesh P Patel,Java,D2,Mumbai,Java,9833012741,jignesh.a.patel@capgemini.com,Interviewer
9315,Girish Kumar G.,Java,C2,Bangalore,Java,9980369165,gopalakrishna.girish@capgemini.com,Interviewer
10505,Chakilela Venkata Ramana,Java,C1,Hyderabad,Java,7660883703,venkata.b.ramana@capgemini.com,Interviewer
10806,Nikhil Raj,Java,C2,Bangalore,Java,9845288910,nikhil.raj@capgemini.com,Interviewer
11610,Mohan Krishna Madeti,Java,D1,Bangalore,Java,9739695553,mohankrishna.madeti@capgemini.com,Interviewer
12297,Rohan Prakash Chaudhari,.Net,C2,Mumbai,C#,9819660722,rohan.chaudhari@capgemini.com,Interviewer
13614,Manjunath S.M,Java,D2,Bangalore,Java,9845569850,manjunath.mallappa@capgemini.com,Interviewer
14092,Mamata Vinayak Bhalerao,Java,C2,Pune,Java,9820891434,mamata.bhalerao@capgemini.com,Interviewer
17646,Ajit Sreedharan,Java,C2,Bangalore,Java,9900180034,ajit.sreedharan@capgemini.com,Interviewer
18601,Kamal Kant Sharma,Legacy,D2,Bangalore,"Java,Spring,Hibernate",9742210912,kamal.sharma@capgemini.com,Interviewer
19048,Rashmi Praveen,Java,C2,Hyderabad,Java,9866324579,rashmi.praveen@capgemini.com,Interviewer
19161,Siddhartha Sankar Mohanty,Java,C1,Hyderabad,Java,9985467895,siddhartha.mohanty@capgemini.com,Interviewer
19313,Jitesh Kumar Dega,.Net,C2,Hyderabad,".Net,SSIS",8886262783,jitesh.dega@capgemini.com,Interviewer
19328,Avadhut R Mondkar,Java,C2,Pune,Java,8779460668,avadhut.mondkar@capgemini.com,Interviewer
24038,Ritesh Yadav,.Net,C1,Mumbai,.Net,9619569555,ritesh.yadav@capgemini.com,Interviewer
24845,Devashri Datta,Java,C1,Bangalore,Java,9632543801,devashri.datta@capgemini.com,Interviewer
24907,Vijay kisan Temgar,.Net,C1,Mumbai,.Net,9833112492,vijay.temgar@capgemini.com,Interviewer
25702,Anmol Deepak Bhojne,Java,C1,Mumbai,Java,9820901256,anmol.bhojne@capgemini.com,Interviewer
27984,Venkatesh Hossalinever,Java,C1,Bangalore,"Java,Spring",,venkatesh.hossalinever@capgemini.com,Interviewer
28602,Loksai Reddivari,Java,C1,Bangalore,"Java,Spring",,loksai.reddivari@capgemini.com,Interviewer
28972,Sareen Koduru,Java,C1,Bangalore,Java,7760531750,sareen.koduru@capgemini.com,Interviewer
30301,Muralidhar Venkata Yenda,Java,C1,Bangalore,"Java,Spring",,muralidhar.yenda@capgemini.com,Interviewer
31153,Kamalkant Prasad Pandey,Java,C1,Mumbai,"Java,Hibernate",,kamalkant.pandey@capgemini.com,Interviewer
31220,Punith KUMAR Mummaneni,BA,C1,Bangalore,Business Analysis,,punith.mummaneni@capgemini.com,Interviewer
31376,Pandu Ramanjeri,Java,C1,Bangalore,"Java,Struts",,pandu.ramanjeri@capgemini.com,Interviewer
31913,Mohammedali Sameeulla Shaik,Java,C1,Bangalore,Java,7829446830,mohammedali.shaik@capgemini.com,Interviewer
33097,Veerabhadra Reddy Dwarsala,Java,C1,Hyderabad,Java,9985584622,veerabhadrareddy.dwarsla@capgemini.com,Interviewer
34807,Rajeev Verma,.Net,C1,Bangalore,.Net,,rajeev.a.verma@capgemini.com,Interviewer
34911,Arunkumar Soundararajan,Java,C2,Bangalore,"Java,EJB",,arunkumar.soundararajan@capgemini.com,Interviewer
35565,Ravi Ahirwar,Java,C2,Bangalore,Business Analysis,,ravi.ahirwar@capgemini.com,Interviewer
37055,Mari Subbu Rajan Balasubramanian,.Net,C1,Bangalore,.Net,7795551139,marisubburajan.b@capgemini.com,Interviewer
40649,Deepak Venkata Naga Tagore Solasa,Java,C2,Bangalore,Java,9886026474,deepak.solasa@capgemini.com,Interviewer
42649,Sandeep Kumar Senapati,.Net,C1,Bangalore,".Net,C#,SQL Server,Angular JS",,sandeep.senapati@capgemini.com,Interviewer
43194,Swati Pralhad Barde,Java,C1,Mumbai,Java,9004014124,swati.barde@capgemini.com,Interviewer
48388,Dhananjay Sasmal,Java,C2,Mumbai,Java,9833021886,dhananjay.sasmal@capgemini.com,Interviewer
48932,Nageswara Rao Gannamaneni,Java,C1,Bangalore,Java,,nageswararao.a.gannamaneni@capgemini.com,Interviewer
49147,Moti Kumar Jha,Java,C1,Bangalore,Java,9008006026,moti.jha@capgemini.com,Interviewer
50983,Praveen Prabhakar kurnool,Java,C1,Bangalore,Java,9535833777,praveen.kurnool@capgemini.com,Interviewer
52306,Alok Pandurang Bugde,BA,C1,Mumbai,Aprimo,9823727049,alok.bugde@capgemini.com,Interviewer
53580,Kiran Kumar Gopinathan Nair,Niche UI,C2,Bangalore,"Java,UI",,kiran.nair@capgemini.com,Interviewer
55030,Ankita Verma,Java,C1,Mumbai,Java,9769563263,ankita.verma@capgemini.com,Interviewer
55686,Saravanan Rajamani,Legacy,C1,Bangalore,"Subversion,Clearcase,GIT,Jenkins,CVS,Weblogic,Perl,UNIX",9611702211,saravanan.rajamani@capgemini.com,Interviewer
55956,Parameswar Rao Bandaru,Java,C1,Bangalore,Java,7411895426,parameswar.bandaru@capgemini.com,Interviewer
56621,Sajan Cleetus,Java,C1,Bangalore,Java,,sajan.cleetus@capgemini.com,Interviewer
57081,Vrushank Desai,Java,C1,Mumbai,Java,,vrushank.desai@capgemini.com,Interviewer
57901,Asif Arshad,Java,C1,Mumbai,Java,9987888559,asif.arshad@capgemini.com,Interviewer
59353,Sandesh Chauhan,Java,C2,Mumbai,Java,9967923636,sandesh.chauhan@capgemini.com,Interviewer
60898,Bhavana Haresh Nikumbh,.Net,C1,Mumbai,"VB,.Net",9324285076,bhavana.nikumbh@capgemini.com,Interviewer
61135,SivarosiReddy Meenige,Legacy,C1,Bangalore,Java,9620784379,sivarosireddy.meenige@capgemini.com,Interviewer
61904,Kundan Atre,Java,C1,Bangalore,Java,9900062514,kundan.atre@capgemini.com,Interviewer
62271,Nithin Noel Matlapudi,Legacy,C1,Bangalore,BMC Remedy,9740587788,nithin.matlapudi@capgemini.com,Interviewer
62814,Gandla NaveenKumar,Java,C1,Bangalore,"Java,Spring,Hibernate,Struts,ETPM,Oracle,Web Services and Weblogic,tomcat server,Eclipse,SQL Developer,ClearCase,svn,SoapUI",,naveenkumar.g@capgemini.com,Interviewer
62901,Sagar Kabir,.Net,C1,Mumbai,"VB,.Net",7738161835,sagar.kabir@capgemini.com,Interviewer
65044,Mahesh Yashwant Kadam,.Net,C1,Mumbai,".Net,MVC",9870766326,mahesh.a.kadam@capgemini.com,Interviewer
65265,Geetika Rani,Legacy,C1,Mumbai,"Manual Testing,SQL,QC",,geetika.rani@capgemini.com,Interviewer
65447,Varun Ajit Valawalkar,.Net,C1,Mumbai,"VB,.Net",8652202521,varun.valawalkar@capgemini.com,Interviewer
65657,Sayantani Sen,Java,C2,Mumbai,Java,9819290899,sayantani.sen@capgemini.com,Interviewer
66110,Palani Arumugam,Java,C1,Chennai,.Net,,palani.arumugam@capgemini.com,Interviewer
66658,Rethina Mahesh,.Net,C1,Chennai,.Net,,rethina.mahesh@capgemini.com,Interviewer
66846,Rakesh Gande,Java,C2,Bangalore,Java,,rakesh.gande@capgemini.com,Interviewer
66882,Minal Krishna Bhilare,Legacy,C1,Mumbai,Autosis,,minal.bhilare@capgemini.com,Interviewer
66906,Venkatrami Reddy,.Net,C1,Bangalore,.Net,8095024753,venkatrami.reddy@capgemini.com,Interviewer
67114,Aditi Sushant Pai,Java,C1,Mumbai,Java,9892895077,aditi.a.pai@capgemini.com,Interviewer
67338,Srinivasan Rengasamy,Niche UI,C1,Bangalore,Java,9865077393,srinivasan.rengasamy@capgemini.com,Interviewer
67458,Rakeshkumar Kalubhai Gohil,.Net,C1,Mumbai,"VB,.Net",7698784947,rakeshkumar.gohil@capgemini.com,Interviewer
67590,RajeshKumar Thangavel,Java,C1,Bangalore,Java,9916530965,rajeshkumar.thangavel@capgemini.com,Interviewer
68023,Surendra Tejrao Pawar,.Net,C1,Mumbai,"VB,.Net",9930176537,surendra.pawar@capgemini.com,Interviewer
68120,Vaibhav Tyagi,Java,C1,Mumbai,Java,9619163537,vaibhav.tyagi@capgemini.com,Interviewer
69552,Kushal Kiran Sanghavi,Niche UI,C1,Mumbai,"Java,Spring,Hibernate",,kushal.sanghavi@capgemini.com,Interviewer
69807,Javed UR Rehman,Niche UI,C1,Bangalore,"Angular JS,Java,PHP,HTML,Node JS,CSS,Wordpress",,javed.rehman@capgemini.com,Interviewer
71400,SureshBabu Venkata Allaparthi,Java,C1,Bangalore,Java,9886433899,sureshbabu.allaparthi@capgemini.com,Interviewer
71595,Anupama Pal Dutta,Java,C1,Bangalore,"Java,Spring,Hibernate",,anupama.dutta@capgemini.com,Interviewer
72045,Sreevani Kuruva,Java,C1,Bangalore,Java,9036695724,sreevani.kuruva@capgemini.com,Interviewer
72101,Sandeep R Misal,Java,C1,Mumbai,Java,9819115246,sandeep.misal@capgemini.com,Interviewer
73436,Vipin Kumar Mandloi,Java,C1,Mumbai,Java,9052142789,vipin.mandloi@capgemini.com,Interviewer
73643,Aseem Joshi,Java,C1,Mumbai,Java,9930001024,aseem.joshi@capgemini.com,Interviewer
73811,Sanjit Kumar Das,Java,C1,Mumbai,Java,8600016711,sanjit.a.das@capgemini.com,Interviewer
74194,Satyanarayana Darsi,Java,C1,Bangalore,Java,9960187399,satyanarayana.darsi@capgemini.com,Interviewer
74701,Rajendra Chandrakant Malvankar,Java,C1,Mumbai,"Java,Hibernate,Spring",,rajendra.malvankar@capgemini.com,Interviewer
74865,Vivek Mohan Shinde,Java,C1,Mumbai,"Java,Spring,Hibernate",,vivek.shinde@capgemini.com,Interviewer
75819,Pritesh Kumar Jain,Java,C2,Mumbai,Java,,pritesh.b.jain@capgemini.com,Interviewer
77245,Papaiah Ikkurthi,Java,C1,Bangalore,Java,8892485455,papaiah.ikkurthi@capgemini.com,Interviewer
78087,Anand kumar Jaiswal,Java,C1,Bangalore,Java,9538493605,anand.jaiswal@capgemini.com,Interviewer
78394,Surabhi Ajay Vartak,BA,C1,Mumbai,Business Analysis,,surabhi.vartak@capgemini.com,Interviewer
78435,Saikiran Devatha,BA,C1,Bangalore,Business Analysis,,saikiran.devatha@capgemini.com,Interviewer
80673,BhanuSupriya Nuthalapati,Java,C1,Bangalore,Java,9880685088,bhanusupriya.nuthalapati@capgemini.com,Interviewer
81307,Karthik Balasubramanian,Java,C2,Bangalore,Java,8892310744,karthik.balasubramanian@capgemini.com,Interviewer
84366,VijayaLakshmi Yellapu,Java,C1,Bangalore,Java,9740818079,vijayalakshmi.yellapu@capgemini.com,Interviewer
84787,Nitin Kumar,.Net,C1,Mumbai,".Net,MVC",,nitin.l.kumar@capgemini.com,Interviewer
99374,Pradeepkumar Singh,.Net,C1,Pune,"Linux Administrator,Shell Scripting",9892962661,pradeepkumar.a.singh@capgemini.com,Interviewer
103761,Babu L A,ADM - GE,D1,Bangalore,"Java,Java Script,Oracle,PL/SQL,Predix,FileNet,Broadvision,EDI VB,ASP,UNIX,VB",9448570120,babu.a.a@capgemini.com,Interviewer
103782,Sophia Thomas Siluvai,.Net,D2,Chennai,.Net,,sophia.siluvai@capgemini.com,Interviewer
103785,Mangala Ganesh S Sreenivas,ADM - GE,D2,Chennai,Mainframe,9840715002,mangala.s-sreenivas@capgemini.com,Interviewer
103808,Mehar Kanhai Nagaraj,ADM - GE,C2,Bangalore,Java,,mehar.nagaraj@capgemini.com,Interviewer
103819,Jerald Singh Muthunayagam,ADM - MALS,D1,Chennai,AS400,9952385513,jerald.muthunayagam@capgemini.com,Interviewer
103895,Thamilarasi Sadagopan,ADM - HTECH,D1,Chennai,".Net,MVC",9841025908,thamilarasi.sadagopan@capgemini.com,Interviewer
103900,Ramesh Prakasam,Java,C2,Chennai,Java,9952898151,ramesh.prakasam@capgemini.com,Interviewer
103922,Maheswari Murthy,ADM - HTECH,C2,Chennai,.Net,9677027074,maheswari.murthy@capgemini.com,Interviewer
103935,Juno Immaculate Jayaraj Michael,Java,D1,Chennai,Java,9790937819,juno-immaculate.jayaraj-michael@capgemini.com,Interviewer
103940,Deepak Baburaj,ADM - MALS,C2,Chennai,Java,8056147446,deepak.baburaj@capgemini.com,Interviewer
104134,Anil B Adhav,Java,D1,Mumbai,Java,3039875518,anil.adhav@capgemini.com,Interviewer
104196,John E Premkumar,Legacy,D2,Chennai,Mainframe,9841011674,john.premkumar@capgemini.com,Interviewer
104209,Ranjith Kumar Natarajan,Java,D1,Chennai,Java,9443508290,n.q.kumar@capgemini.com,Interviewer
104232,Naganathan Sethuraman,Java,D2,Chennai,Java,9840421116,naganathan.sethuraman@capgemini.com,Interviewer
104287,Vishnu Vardhan Vaithiyam,Java,D1,Chennai,Java,8015731755,vishnu.vaithiyam@capgemini.com,Interviewer
104326,Prasad Anant Chingale,ADM - HTECH,D1,Mumbai,Java,9820358818,prasad.chingale@capgemini.com,Interviewer
104333,Abhaykumar Shashikant Shinde,ADM - CPRD,D1,Mumbai,"Java,Spring,Hibernate",9029388597,abhaykumar.shinde@capgemini.com,Interviewer
104348,Manish Shrikrishna Parulekar,Java,D2,Mumbai,Java,9869649474,manish.parulekar@capgemini.com,Interviewer
104367,Premkumar Subramanian,Java,C2,Chennai,Java,9176332339,premkumar.subramanian@capgemini.com,Interviewer
104381,Ashish Shrikrishna Hirlekar,ADM - MALS,D2,Mumbai,.Net,9930751297,ashish.hirlekar@capgemini.com,Interviewer
104388,Nilesh Dineshbhai Kesaria,ADM - MALS,D2,Mumbai,.Net,9833619154,nilesh.kesaria@capgemini.com,Interviewer
104473,Pradyumna Bhaskar Pendse,Java,D2,Mumbai,Java,9819640822,pradyumna.pendse@capgemini.com,Interviewer
104551,Asha D Shah,Java,C2,Mumbai,Java,,asha.shah@capgemini.com,Interviewer
104578,Mohit Hariya,.Net,C2,Mumbai,.Net,9004270484,mohit.hariya@capgemini.com,Interviewer
104675,Anand Aravind Joshi,ADM - CPRD,C2,Pune,Scrum Master,7709002992,anand.c.joshi@capgemini.com,Interviewer
104682,Asit Shivram Dalvi,ADM - GE,D1,Mumbai,"SQL server,ASP,VB,.NET",9833779425,asit.dalvi@capgemini.com,Interviewer
104699,Nitesh Balkrishna Kadam,Java,D1,Mumbai,Java,9769276209,nitesh.kadam@capgemini.com,Interviewer
104705,Vijaykumar Nanakchand Srowa,ADM - CPRD,C1,Pune,Java,7507435444,vijaykumar.srowa@capgemini.com,Interviewer
104715,Senthil Kumar P. A,ADM - MALS,D1,Chennai,".Net,Architect SQL,Oracle",,senthil.p-a@capgemini.com,Interviewer
104768,Hardik Satishbhai Shah,Java,C2,Mumbai,Java,8879024435,hardik.c.shah@capgemini.com,Interviewer
104797,Srinivasan Kannan,Java,D2,Chennai,Java,9841448100,srinivasan.kannan@capgemini.com,Interviewer
104816,Pinaki Choudhury,ADM - CPRD,C2,Mumbai,Scrum Master,,pinaki.choudhury@capgemini.com,Interviewer
104869,Nikhil Ashok Moharil,ADM - CPRD,D1,Mumbai,Java,9920197525,nikhil.moharil@capgemini.com,Interviewer
104942,Vishakha Nanaji Khadse,ADM - HTECH,C1,Chennai,.Net,9962937980,vishakha.khadse@capgemini.com,Interviewer
104951,Balasubramaniam Shanmugam,ADM - GE,C1,Chennai,"Cobol,DB2,DFSORT,JCL",9952912708,balasubramaniam.shanmugam@capgemini.com,Interviewer
104984,Nilesh Unnikrishnan Nair,BA,C2,Mumbai,"C#,.Net,VB,WCF,SQL",,nilesh.nair@capgemini.com,Interviewer
105145,Sarthak Samantaray,ADM - GE,C1,Bangalore,"PL/SQL,Crystal Reports,VB,Pro C",8105138617,sarthak.samantaray@capgemini.com,Interviewer
105154,Vinod Rajaram Kharatmol,ADM - GE,C1,Bangalore,"PL/SQL,Shell Scripting",,vinod.kharatmol@capgemini.com,Interviewer
105165,Ramadas Rathinam,ADM - CPRD,C2,Chennai,"HTML5,Angular JS,JSON,.Net",5157717047,ramadas.rathinam@capgemini.com,Interviewer
105222,Harshal Rajendra Gavali,ADM - HTECH,C1,Mumbai,"VB,.Net",9004694569,harshal.gavali@capgemini.com,Interviewer
105300,Prashant Jaywant Patil,ADM - MALS,C2,Mumbai,".Net,SQL Server,SSIS.",9820375234,prashant.j.patil@capgemini.com,Interviewer
105397,Kishore B. S.,ADM - HTECH,C1,Bangalore,AS400,7829222332,kishore.a.s@capgemini.com,Interviewer
105405,Ajay Harishchandra Doke,Java,C2,Mumbai,Java,9930932121,ajay.doke@capgemini.com,Interviewer
105514,Aditi Shashikant Joshi,ADM - CPRD,C1,Pune,Java,7709045996,aditi.c.joshi@capgemini.com,Interviewer
105538,Shailendrasingh Bipinchandra Deore,ADM - GE,C1,Mumbai,"Delphi,.Net",7738232726,shailendrasingh.deore@capgemini.com,Interviewer
105577,Prachi V Mangudkar,ADM - CPRD,C1,Mumbai,".Net,C# MVC",9372436291,prachi.mangudkar@capgemini.com,Interviewer
105620,Manish Kantilal Gada,.Net,C2,Mumbai,.Net,9833562279,manish.gada@capgemini.com,Interviewer
105731,Elango Viswanathan,Java,C1,Chennai,Java,8525018460,elango.viswanathan@capgemini.com,Interviewer
105813,Sushil Suresh Nembhani,.Net,C2,Mumbai,.Net,9820111471,sushil.nembhani@capgemini.com,Interviewer
105832,Amit Baliram Ambre,ADM - MALS,C1,Mumbai,".Net,MVC,VB",,amit.ambre@capgemini.com,Interviewer
105835,Kavitha Antony Joseph Lenin,ADM - MALS,C2,Chennai,"RPGLE,DB2400,COBOL,RPG400",9486115990,kavitha.antony-joseph-lenin@capgemini.com,Interviewer
105854,Sumeet Sanjeev Karnik,Legacy,C1,Mumbai,"Mainframe,COBOL,JCL,DB2,CICS",9619228371,sumeet.karnik@capgemini.com,Interviewer
105916,Sandhya MS,Legacy,C1,Mumbai,"Cobol,DB2,DFSORT,JCL",,sandhya.ms@capgemini.com,Interviewer
106075,Jaffar Chand Shaikh,ADM - CPRD,C1,Mumbai,"Retail,POS,SQL,Unix,ITIL framework",9768669832,jaffar.shaikh@capgemini.com,Interviewer
106293,Kavitha K,ADM - GE,C1,Chennai,Oracle,9003549738,kavitha.f.k@capgemini.com,Interviewer
106359,Vikas Gangele,ADM - NRCS,C1,Mumbai,".Net,MVC,C#,JQuery,SSIS",9820011883,vikas.gangele@capgemini.com,Interviewer
106469,Rajeev Kumar Singh,ADM - MALS,C1,Mumbai,".Net,MVC,C#,JQuery,SSIS",8080318780,rajeev.b.singh@capgemini.com,Interviewer
106534,Shafik Khan,ADM - MALS,C1,Mumbai,"VB,.Net",,shafik.khan@capgemini.com,Interviewer
106748,Karpagam Gurumurthy,.Net,C1,Mumbai,".Net,MVC,C#,Backbone JS,Angular JS",9841625030,karpagam.gurumurthy@capgemini.com,Interviewer
106832,Vishal Singh,ADM - CPRD,C1,Mumbai,Pre-Sales,,vishal.e.singh@capgemini.com,Interviewer
106868,Lakshmi Kumar Peram,ADM - CPRD,C1,Hyderabad,".Net,SQL Server,SSIS,SSRS",7675043422,lakshmi.peram@capgemini.com,Interviewer
106923,Sachin Ramesh Rao,Java,D2,Mumbai,Java,9820388328,sachin.a.rao@capgemini.com,Interviewer
107027,Abhijit Pandurang Khaire,ADM - CPRD,C2,Pune,"Oracle,PL/SQL",8408919500,abhijit.khaire@capgemini.com,Interviewer
107030,Anandaprakash M,ADM - HTECH,C1,Chennai,".Net,C# MVC",9003283616,anandaprakash.m@capgemini.com,Interviewer
107111,Anbarasan R,Java,C1,Chennai,Java,9176614029,anbarasan.r@capgemini.com,Interviewer
107120,Neetha Suraj Nair,ADM - CPRD,C1,Pune,".Net,C# MVC",9011014841,neetha.nair@capgemini.com,Interviewer
107158,Rajesh Rameshlal Khatri,Java,D2,Mumbai,Java,9763307070,rajesh.khatri@capgemini.com,Interviewer
107195,Priya Patra,Java,D2,Mumbai,Java,9819509915,priya.patra@capgemini.com,Interviewer
107199,Prakash Bora,Legacy,C1,Mumbai," Mainframe,COBOL,PL/SQL",9004788607,prakash.bora@capgemini.com,Interviewer
107210,Sachin Khandu Patil,ADM - CPRD,C1,Mumbai,.Net,,sachin.l.patil@capgemini.com,Interviewer
107260,Niket K Raut,Java,D1,Mumbai,Java,9920292289,niket.raut@capgemini.com,Interviewer
107400,Nishigandha Madhukar Arkade,.Net,C1,Mumbai,.Net,9769043699,nishigandha.arkade@capgemini.com,Interviewer
107409,Jayashri Selvam,ADM - HTECH,C1,Chennai,".Net,HTML,CSS,WCF",7502975719,jayashri.selvam@capgemini.com,Interviewer
107414,Nathanael Theophilus Easterson,Java,D1,Chennai,Java,8754498735,nathanael-theophilus.easterson@capgemini.com,Interviewer
107428,Avadh Jain,ADM - CPRD,D2,Pune,Technical Architect,9890288382,avadh.jain@capgemini.com,Interviewer
107521,Mohammad Saleem Jawaid,ADM - MALS,C1,Mumbai,".Net,SQL,Oracle",9987654252,mohammad-saleem.jawaid@capgemini.com,Interviewer
107801,Chandra Shekar Manjunatha,ADM - HTECH,C2,Bangalore,"NodeJS,PHP,Drupal,Wordpress,Java,Angular JS",,chandra-shekar.manjunatha@capgemini.com,Interviewer
107823,Jegadish Balaji Jothi,Legacy,C1,Chennai,AS400,9841184006,jegadish-balaji.jothi@capgemini.com,Interviewer
107867,Ramanath Prasad Patro,ADM - CPRD,C2,Hyderabad,PL/SQL,9966201057,ramanath-prasad.patro@capgemini.com,Interviewer
107887,Shankar Vedachalam,Java,D2,Chennai,Java,9941014500,shankar.vedachalam@capgemini.com,Interviewer
107979,Lakshminarayanan Balasubramanian,ADM - HTECH,C2,Chennai,".Net,WPF,SQL Server,SSIS,Web Services",7397533393,lakshminarayanan.balasubramanian@capgemini.com,Interviewer
107988,Raghunath Gopinath,ADM - HTECH,C1,Bangalore,AS400,8105281804,raghunath.gopinath@capgemini.com,Interviewer
108010,Punitha Kalisamy,ADM - GE,C1,Chennai,.Net,9952019799,punitha.kalisamy@capgemini.com,Interviewer
108021,Vasanth Dhanapal,ADM - MALS,C2,Bangalore,AS400,8870349522,vasanth.dhanapal@capgemini.com,Interviewer
108102,Dhanamjaya Srinivasa Roy Devineni,ADM - CPRD,D1,Hyderabad,".Net,MVC,WCF,SQL Server,HTML",,dhanamjaya.devineni@capgemini.com,Interviewer
108142,Ravinder Munugala,ADM - CPRD,D1,Hyderabad,PL/SQL,9912075695,ravinder.munugala@capgemini.com,Interviewer
108147,Malathy Murugan,Java,D1,Chennai,Java,9498079620,malathy.murugan@capgemini.com,Interviewer
108183,Nitin Gupta,.Net,C2,Noida,.Net,8095417335,nitin.a.gupta@capgemini.com,Interviewer
108215,PriyaRubini Subramanian,ADM - GE,C1,Chennai,".Net,VB,MVC",9994618724,priyarubini.subramanian@capgemini.com,Interviewer
108352,Narmadha Mohan,Java,C1,Chennai,"Java,Hibernate",,narmadha.mohan@capgemini.com,Interviewer
108402,Tathagata Bose,ADM - CPRD,C2,Bangalore,.Net,9611377070,tathagata.bose@capgemini.com,Interviewer
108420,Sumedhah Chittibabu,ADM - MALS,C1,Chennai,RPG400,9444839757,sumedhah.chittibabu@capgemini.com,Interviewer
108463,Ragu Ramakrishnan,Java,C1,Bangalore,Java,,ragu.ramakrishnan@capgemini.com,Interviewer
108464,Raaj Maheswar,Java,C1,Chennai,Java,9980777592,raaj.maheswar@capgemini.com,Interviewer
108499,Prashanth Kamath,Java,C1,Bangalore,"Java,Spring,Hibernate,Angular Js",,prashanth.kamath@capgemini.com,Interviewer
108517,Sasikumar Selvaraj,ADM - HTECH,C1,Chennai,".Net,SQL Server",9940444290,sasikumar.selvaraj@capgemini.com,Interviewer
108543,Dinesh Balu,ADM - HTECH,C1,Chennai,".Net,WPF",7418855500,dinesh.balu@capgemini.com,Interviewer
108613,Sujoy Sen,ADM - CPRD,C1,Bangalore,"VB,.Net,SQL Server,PLSQL,JavaScript,JQuery",9073973451,sujoy.sen@capgemini.com,Interviewer
108641,Maya Devi Sharma,ADM - CPRD,D2,Hyderabad,.Net,8886000248,maya-devi.sharma@capgemini.com,Interviewer
108746,Sathish Keerthipati,Java,C1,Bangalore,Java,9686388770,sathish.keerthipati@capgemini.com,Interviewer
108810,Rajaprabhu Durairaj,Java,C1,Chennai,Java,,rajaprabhu.durairaj@capgemini.com,Interviewer
108852,Veronica Taing,ADM - NRCS,D1,Bangalore,.Net,9900590245,veronica.taing@capgemini.com,Interviewer
108857,Mahesh Babu Madala,Java,C1,Bangalore,"Java,Spring,Hibernate",,mahesh-babu.madala@capgemini.com,Interviewer
108912,Pankaj Laxman Bansu,Legacy,C2,Mumbai,Mainframe,8451972079,pankaj.bansu@capgemini.com,Interviewer
108938,Sujith Manikoth Thazhath Veedu,ADM - MALS,D1,Bangalore,Java,9742738468,sujith.thazhath-veedu@capgemini.com,Interviewer
108953,Biswajit Pal,ADM - NRCS,C1,Mumbai,SharePoint Administration Development,8976712661,biswajit.pal@capgemini.com,Interviewer
109109,Victor Anderson J,.Net,C1,Chennai,".Net,C#,VB,Web Service",9710081270,victor-anderson.j@capgemini.com,Interviewer
109254,Abhisek Nanda,ADM - NRCS,C2,Bangalore,Business Analysis,9902589574,abhisek.nanda@capgemini.com,Interviewer
109468,Ram Prakash Shrivastava,ADM - GE,C2,Bangalore,.Net,9826022128,ram-prakash.shrivastava@capgemini.com,Interviewer
109705,Satish Ankush Naik,ADM - MALS,C1,Mumbai,".Net,MVC,VB",9819242689,satish.b.naik@capgemini.com,Interviewer
109961,Priyanka Gupta,Java,C1,Mumbai,Java,7021823218,priyanka.f.gupta@capgemini.com,Interviewer
110012,Prabhu Ramamoorthy,Legacy,C2,Bangalore,Mainframe,9620087879,prabhu.ramamoorthy@capgemini.com,Interviewer
110024,Kashif Majeed Khan,ADM - NRCS,C2,Mumbai,Business Analysis,9029322948,kashif.b.khan@capgemini.com,Interviewer
110249,Vivek Vasantkumar Kaushal,.Net,C1,Mumbai,"C#,.Net,Spring,PHP,Javascript,JQuery,SOA,UML",9769829994,vivek.kaushal@capgemini.com,Interviewer
110303,Vinod Kumar Charudatt,ADM - CPRD,D1,Hyderabad,".Net,SQL Server,Azure",9885008322,vinod.charudatt@capgemini.com,Interviewer
110559,Arvind Subramanian,ADM - NRCS,C1,Bangalore,Business Analysis,9972699007,arvind.subramanian@capgemini.com,Interviewer
110567,Hariharan S,Java,C1,Chennai,Java,,hariharan.s@capgemini.com,Interviewer
110787,Suhasini Vallalmani,ADM - MALS,C1,Chennai,"RPG400,RPGLE",9003130228,suhasini.vallalmani@capgemini.com,Interviewer
110988,Rohit Ramniklal Parmar,ADM - CPRD,C1,Mumbai,"Oracle,PL/SQL",9867686248,rohit.parmar@capgemini.com,Interviewer
111118,Kaliyaperumal Sekar,ADM - GE,C2,Chennai,.Net,9962072880,kaliyaperumal.sekar@capgemini.com,Interviewer
111126,Nilamadhab Mohanty,ADM - CPRD,C1,Hyderabad,".Net,MSBI",9849572237,nilamadhab.mohanty@capgemini.com,Interviewer
111161,Kavitha Reddy Kancharla,ADM - CPRD,C2,Hyderabad,.Net,9701092224,kavitha.kancharla@capgemini.com,Interviewer
111199,Sunit Nishikant Ugale,ADM - CPRD,C1,Pune,"C#,.Net,WPF,WCF,SQL",9922418053,sunit.ugale@capgemini.com,Interviewer
111309,Boopathy Panneerselvam,Java,C2,Chennai,"J2EE,Predix",,boopathy.panneerselvam@capgemini.com,Interviewer
111342,Manisha Waghmare,ADM - HTECH,C2,Mumbai,".Net,MVC,Angular JS,WCF,WPF,SQL Server,Crystal Reports,TFS",9819046586,manisha.waghmare@capgemini.com,Interviewer
111381,Narendra Singh,ADM - CPRD,C1,Pune,".Net,SQL Server,SSRS,MVC,WCF",7304604456,narendra.d.singh@capgemini.com,Interviewer
111550,Rahul Kumar,Legacy,C1,Bangalore,Mainframe,,rahul.r.kumar@capgemini.com,Interviewer
111564,Ashwini Tipre,ADM - CPRD,C1,Hyderabad,".Net,SQL Server,Web services,MVC,VB",,ashwini.tipre@capgemini.com,Interviewer
111565,Satya Prasad Mund,Java,C1,Bangalore,Java,9611200223,satya.mund@capgemini.com,Interviewer
111579,Vijaya Sarathy Singaravelu,ADM - CPRD,C1,Chennai,"MSBI,SSIS,.Net,C#,SQL Server",,vijaya-sarathy.singaravelu@capgemini.com,Interviewer
111594,Atiqul Islam,.Net,C1,Mumbai,".Net,SQL Server,JavaScript",9322635940,atiqul.islam@capgemini.com,Interviewer
111658,Bharat Dhanraj Sisode,ADM - CPRD,C1,Pune,".Net,MVC,HTML,XML",9867712581,bharat.sisode@capgemini.com,Interviewer
111728,Kandasamy Palanisamy,Java,C1,Bangalore,Java,8553404052,kandasamy.palanisamy@capgemini.com,Interviewer
111769,Aruna Kumar Kumbar,ADM - MALS,C1,Bangalore,".Net,VB,MVC,WCF",,aruna.kumbar@capgemini.com,Interviewer
111770,PrashanthKumar Tyamagondlu Huchaveerappa,Java,C2,Bangalore,Java,9611866334,prashanthkumar.huchaveerappa@capgemini.com,Interviewer
111777,Irfanullah Kunchur,Java,C1,Bangalore,Java,9740244008,irfanullah.kunchur@capgemini.com,Interviewer
111837,Prasiddhi Saxena,Java,C2,Bangalore,Java,9036049067,prasiddhi.saxena@capgemini.com,Interviewer
111857,Hariharan Pojan,Java,C1,Bangalore,Java,9611019284,hariharan.pojan@capgemini.com,Interviewer
111901,Saranya Natarajan,Java,C1,Chennai,Java,9994046504,saranya.natarajan@capgemini.com,Interviewer
111922,Joshua Inbadoss Martin,ADM - HTECH,C2,Chennai,.Net,9176921116,joshua-inbadoss.martin@capgemini.com,Interviewer
111924,Indhu Rajasekaran,ADM - MALS,C2,Chennai,"Java,Spring,Hibernate,Angular JS,JSP",,indhu.rajasekaran@capgemini.com,Interviewer
111927,Viswa Jwalith Beesetti,ADM - CPRD,C2,Hyderabad,".Net,C#,SQL Server,PHP,VB",7674012848,viswa-jwalith.beesetti@capgemini.com,Interviewer
112117,Lakshmi Narayana Podili,Java,C1,Chennai,Java,9003035059,lakshmi-narayana.podili@capgemini.com,Interviewer
112238,Nitin Arun Joshi,Java,C2,Mumbai,Java,9860380856,nitin.joshi@capgemini.com,Interviewer
112259,Rajasekara Pandiyan Thanigachalam,Java,C1,Chennai,Java,9884101774,rajasekara-pandiyan.thanigachalam@capgemini.com,Interviewer
112457,Gurunath Maroor Pai,Java,C1,Mumbai,Java,9004905325,gurunath.pai@capgemini.com,Interviewer
112574,Sikkandersithick MohamedAliZinna,ADM - HTECH,C2,Chennai,Java,,sikkandersithick.mohamedalizinna@capgemini.com,Interviewer
112580,Swati Teja Angalakuditi,ADM - GE,C1,Bangalore,"Oracle, PL/SQL",9036658569,swati.angalakuditi@capgemini.com,Interviewer
112803,Akshay Mukund Bhide,Java,C1,Mumbai,Java,9819984831,akshay.bhide@capgemini.com,Interviewer
112827,Anil Kumar Chittari,Java,C1,Bangalore,Java,9886486302,anil.chittari@capgemini.com,Interviewer
112864,Sandeep Balehonnur Harish,Legacy,C2,Bangalore,Mainframe,,sandeep.harish@capgemini.com,Interviewer
112871,Karthik Raju,ADM - GE,C1,Chennai,"Oracle, PL/SQL,Unix",7598308918,karthik.raju@capgemini.com,Interviewer
112923,Swapneel Killekar,ADM - CPRD,C1,Mumbai,"Java,Spring,Hibernate",,swapneel.killekar@capgemini.com,Interviewer
113334,Banupriya Kuppusamy,.Net,C1,Chennai,"C++,PL/SQL",9176431625,banupriya.kuppusamy@capgemini.com,Interviewer
113942,Gaurav Tiwari,ADM - GE,C1,Bangalore,Business Analysis,9916079072,gaurav.c.tiwari@capgemini.com,Interviewer
114010,Seema Ishwar Patil,Java,C2,Mumbai,Java,,seema.patil@capgemini.com,Interviewer
114367,ChandraSekhar Phani Bhaskara Vidya Nadakuditi,ADM - CPRD,D1,Pune,.Net,7066888066,chandrasekhar.nadakuditi@capgemini.com,Interviewer
114610,Vijayalaxmi Chatterjee,ADM - CPRD,C2,Pune,Java,9881072254,vijayalaxmi.chatterjee@capgemini.com,Interviewer
114937,Devsur Jeram Chauhan,ADM - CPRD,C2,Pune,"SQL Server,.Net,VBA",8698077618,devsur.chauhan@capgemini.com,Interviewer
115040,Sabita Prasad,ADM - CPRD,C2,Bangalore,"Oracle,Unix",7795473155,sabita.prasad@capgemini.com,Interviewer
115078,Ronak Pravinchandra Champaneri,ADM - CPRD,C1,Pune,".Net,WCF,WPF,XML,WMI,SSRS,SSIS,PHP,HTML",,ronak.champaneri@capgemini.com,Interviewer
115103,Shivakumar M Swamy,ADM - MALS,C2,Bangalore,CSV,9008324026,shivakumar.m-swamy@capgemini.com,Interviewer
115542,Pushkar Sureshrao Ghatole,ADM - GE,C1,Mumbai,"Business Analysis,Python",8297580936,pushkar.ghatole@capgemini.com,Interviewer
115566,Viraj Kondawar,ADM - NRCS,C1,Bangalore,Business Analyst,7406655360,viraj.kondawar@capgemini.com,Interviewer
115590,Perepa Venkata Satya Sri Sailaja,Java,C1,Bangalore,Java,7204090200,perepa.sailaja@capgemini.com,Interviewer
116181,Ajay Rangarajan Iyer,ADM - CPRD,D1,Pune,Mainframe,9860676629,ajay.a.iyer@capgemini.com,Interviewer
116273,Sathish Kumar Selvaraj,ADM - HTECH,C2,Chennai,Java,9884722660,sathish.a.selvaraj@capgemini.com,Interviewer
116808,Krishna Alwar Balasubramanian,Java,C1,Chennai,Java,9788132270,krishna-alwar.balasubramanian@capgemini.com,Interviewer
52191,Raghuraj Parkar,GES/PES,B2,Mumbai,NA,,raghuraj.parkar@capgemini.com,Recruiter
23215,Shumaila Faizi,,B2,Gurgaon,NA,,shumaila.faizi@capgemini.com,Recruiter
25517,Nitesh Singh,Cloud,C1,Mumbai,NA,,nitesh.singh@capgemini.com,Recruiter
27817,Ruta Subhedar,Niche Skill,C1,Mumbai,NA,,ruta.subhedar@capgemini.com,Recruiter
48900,Saravanan Govindaswamy,LBS Captives,C1,Chennai,NA,,saravanan.a.swamy@capgemini.com,Recruiter
61678,Pratima Pandey,Cloud,B2,Bangalore,NA,,pratima.a.pandey@capgemini.com,Recruiter
76989,Preeti Mishra,SAP,B2,Airoli,NA,,preeti.a.mishra@capgemini.com,Recruiter
71998,Pradnya Ghamandi,Microsoft,C1,Mumbai,NA,,pradnya.ghamandi@capgemini.com,Recruiter
78318,SWETA SHAH,SAP,B2,Mumbai,NA,,sweta.shah@capgemini.com,Recruiter
78320,Girish B,LBS Captives,B1,Bangalore,NA,,girish.b@capgemini.com,Recruiter
82758,Shriniwas Narayan Katekar,Cloud,B2,Mumbai,NA,,shriniwas.katekar@capgemini.com,Recruiter
76607,Rahul Jha,C2 Level,B1,Mumbai,NA,,rahul.jha@capgemini.com,Recruiter
63649,Sanaya Kalambe,Cloud,B2,Mumbai,NA,,sanaya.kalambe@capgemini.com,Recruiter
82759,JYOTI KUMARI,CSD Others,B2,Mumbai,NA,,jyoti.a.kumari@capgemini.com,Recruiter
84862,Nikeeta Singh,LBS Captives,B1,Mumbai,NA,,nikeeta.singh@capgemini.com,Recruiter
84373,Shubha Hegde,Oracle,B2,Bangalore,NA,,shubha.a.hegde@capgemini.com,Recruiter
67473,Salma Dawood,Microsoft,C1,Bangalore,NA,,salma.dawood@capgemini.com,Recruiter
84698,SOUMYA HALAGUNAKI,GES/PES,B2,Bangalore,NA,,soumya.halagunaki@capgemini.com,Recruiter
87210,Shruti srivastava,CSD Others,B2,Mumbai,NA,,shruti.srivastava@capgemini.com,Recruiter
73115,Gargi Dutta,DSS,B2,Kolkata,NA,,gargi.dutta@capgemini.com,Recruiter
74302,Jayati Garg,Infra,B2,Mumbai,NA,,jayati.biswas@capgemini.com,Recruiter
87194,Meenakshi Khatri,DSS,B1,Mumbai,NA,,meenakshi.khatri@capgemini.com,Recruiter
75110,SUPREETH MG,Testing,B2,Bangalore,NA,,supreeth.mg@capgemini.com,Recruiter
90034,Meenakshi Kachore,Cloud,B2,Mumbai,NA,,meenakshi.kimatkar@capgemini.com,Recruiter
87123,Priya Dutta,Microsoft,B2,Pune,NA,,priya.dutta@capgemini.com,Recruiter
76118,Melisa Dsouza,Enabling,B1,Mumbai,NA,,melisa.dsouza@capgemini.com,Recruiter
76119,Shivani Nain,C2 Level,B1,Mumbai,NA,,shivani.nain@capgemini.com,Recruiter
76121,Tejas Bartakke,Microsoft,B1,Mumbai,NA,,tejas.bartakke@capgemini.com,Recruiter
76122,Arathy Nair,Java,B1,Mumbai,NA,,arathy.nair@capgemini.com,Recruiter
76271,Nikita Gaind,Digital,B1,Mumbai,NA,,nikita.gaind@capgemini.com,Recruiter
76378,Vijeta Sharma,SAP,B1,Mumbai,NA,,vijeta.sharma@capgemini.com,Recruiter
101713,Akshaya Shetty,SAP,B2,Mumbai,NA,,akshaya.a.shetty@capgemini.com,Recruiter
84943,Jyothsna Katkar,Infra,B1,Hyderabad,NA,,jyothsna.katkar@capgemini.com,Recruiter
85266,Prajakta Sunil Lotankar,Java,B1,Mumbai,NA,,prajakta.lotankar@capgemini.com,Recruiter
85346,Isha Shashishekhar Prabhudesai,Infra,B1,Mumbai,NA,,isha.prabhudesai@capgemini.com,Recruiter
85347,Srija Shetty,Java,B1,Mumbai,NA,,srija.shetty@capgemini.com,Recruiter
86124,Priyanka Ramshakal Mishra,SAP,B1,Mumbai,NA,,priyanka.mishra@capgemini.com,Recruiter
101827,Preethi Nalini,Cloud,B2,Bangalore,NA,,preethi.nalini@capgemini.com,Recruiter
93495,Pradip Kumar,Digital,B2,Bangalore,NA,,pradip.a.kumar@capgemini.com,Recruiter
86341,Chitra Venugopal,GES/PES,B2,Bangalore,NA,,chitra.venugopal@capgemini.com,Recruiter
43274,Amarnadh Pathapati,CSD Others,B1,Hyderabad,NA,,amarnadh.pathapati@capgemini.com,Recruiter
101835,SASIKALA SHANMUGAM,SAP,C1,Bangalore,NA,,sasikala.shanmugam@capgemini.com,Recruiter
88002,Yogita Dave,GES/PES,B1,Pune,NA,,yogita.dave@capgemini.com,Recruiter
97466,Adarsh Rokhade,Cloud,B1,Bangalore,NA,,adarsh.rokhade@capgemini.com,Recruiter
88476,POOJASRIVALLI I,Testing,B1,Bangalore,NA,,poojasrivalli.i@capgemini.com,Recruiter
88480,Pooja Maheswary,Cloud,B1,Bangalore,NA,,pooja.maheswary@capgemini.com,Recruiter
88474,Shankar Vaidyanathan,Niche Skill,B1,Bangalore,NA,,shankar.vaidyanathan@capgemini.com,Recruiter
88475,RADHA C (Mounima),Infra,B1,Bangalore,NA,,radha.c@capgemini.com,Recruiter
89855,Sarika Agarwal,CSD Others,B1,Bangalore,NA,,sarika.agarwal@capgemini.com,Recruiter
89061,Pankaj Mohite,Testing,B1,Mumbai,NA,,pankaj.mohite@capgemini.com,Recruiter
89060,Indu Kumari,C2 Level,B1,Pune,NA,,indu.a.kumari@capgemini.com,Recruiter
92417,Pratik Pradhan,Captives Lead,C1,Bangalore,NA,,pratik.pradhan@capgemini.com,Recruiter
90287,Shivika Gaur,LBS Captives,B2,Gurgaon,NA,,shivika.gaur@capgemini.com,Recruiter
89459,Sneha Kourani,Digital,B1,Mumbai,NA,,sneha.kourani@capgemini.com,Recruiter
89931,Priyanka Kumari,GES/PES,B2,Gurgaon,NA,,kumari.a.priyanka@capgemini.com,Recruiter
60087,Sarvesh Sanjiv Gaitonde,Oracle,B1,Mumbai,NA,,sarvesh.gaitonde@capgemini.com,Recruiter
90806,Dipali Save,Java,A3,Mumbai,NA,,dipali.a.save@capgemini.com,Recruiter
92680,Peeyush Shrivastava,Infra,B2,Mumbai,NA,,peeyush.shrivastava@capgemini.com,Recruiter
92499,Vivian Fernandes,LBS Captives,B2,Mumbai,NA,,vivian.fernandes@capgemini.com,Recruiter
91806,Kadhambari T,GES/PES,B2,Bangalore,NA,,kadhambari.t@capgemini.com,Recruiter
92957,Vikas Kumar,LBS Captives,A4,Pune,NA,,vikas.n.kumar@capgemini.com,Recruiter
95122,Seema Sahu,Microsoft,C1,Mumbai,NA,,seema.sahu@capgemini.com,Recruiter
93327,Meenakshi Valeja,Enabling,B1,Mumbai,NA,,meenakshi.valeja@capgemini.com,Recruiter
93760,Shrutika Kamble,Niche Skill,B2,Mumbai,NA,,shrutika.kamble@capgemini.com,Recruiter
93421,Pinky Dhenge,Enabling,B1,Mumbai,NA,,pinky.dhenge@capgemini.com,Recruiter
93528,Deepika Puri,Testing,B2,Mumbai,NA,,deepika.puri@capgemini.com,Recruiter
94578,Soham Avasthi,DSS,A5,Mumbai,NA,,soham.avasthi@capgemini.com,Recruiter
95362,Reema Jain,DSS,B1,Mumbai,NA,,reema.jain@capgemini.com,Recruiter
97358,Veena Usulkar,I&D,B2,Mumbai,NA,,veena.usulkar@capgemini.com,Recruiter
96669,Radhika Reddy,Digital,C1,Bangalore,NA,,radhika.reddy@capgemini.com,Recruiter
97205,Monika Dash,Cloud,A4,Bangalore,NA,,monika.dash@capgemini.com,Recruiter
97560,Poornima Verma,CSD Others,B2,Bangalore,NA,,poornima.varma@capgemini.com,Recruiter
99957,Bhanu Prakash,Oracle,B2,Bangalore,NA,,bhanu.b.prakash@capgemini.com,Recruiter
99405,Debodipta Siddhanta,Niche Skill,C1,Kolkata,NA,,debodipta.siddhanta@capgemini.com,Recruiter
99719,Siddharth Shilimkar,CSD Others,B1,Mumbai,NA,,siddharth.shilimkar@capgemini.com,Recruiter
101055,Rakesh Sen,SAP,B1,Bangalore,NA,,rakesh.a.sen@capgemini.com,Recruiter
101417,Nandita Singh,DSS,B2,Gurgaon,NA,,nandita.singh@capgemini.com,Recruiter
101947,Vineeta Tiwari,CSD Others,A5,Mumbai,NA,,vineeta.tiwari@capgemini.com,Recruiter
102904,Ramakrishna Kurakula,NA,A3,Hyderabad,NA,,ramakrishna.kurakula@capgemini.com,Recruiter
103449,SHREE SAJJANA BHANDARI,GES/PES,B2,Mumbai,NA,,shree-sajjana.bhandari@capgemini.com,Recruiter
103477,Garima Saraswat,Digital,B1,Pune,NA,,garima.saraswat@capgemini.com,Recruiter
90269,Kumar Rajasekhar,LBS Captives,A5,Bangalore,NA,,kumar.rajasekhar@capgemini.com,Recruiter
108381,Abdul Nawaz,Digital,C1,Chennai,NA,,abdul.nawaz@capgemini.com,Recruiter
108457,Malan Mathews,Digital,B2,Bangalore,NA,,malan.mathews@capgemini.com,Recruiter
108988,Reshma Gaikwad,Digital,C1,Pune,NA,,reshma.gaikwad@capgemini.com,Recruiter
108494,Hemalatha Balakrishnan,Microsoft,B2,Bangalore,NA,,hemalatha.balakrishnan@capgemini.com,Recruiter
108638,Jincy Pathrose,Infra,B2,Bangalore,NA,,jincy.pathrose@capgemini.com,Recruiter
108786,Susheela Papuswamy,Testing,B2,Bangalore,NA,,susheela.papuswamy@capgemini.com,Recruiter
109063,Vinitha Vellilathadathal Achutha,I&D,B2,Bangalore,NA,,vinitha.achutha@capgemini.com,Recruiter
111496,Gimil Sara Aby,GES/PES,B2,Bangalore,NA,,gimil.aby@capgemini.com,Recruiter
112518,Prachi Suchit Patil,I&D,B1,Airoli,NA,,prachi.patil@capgemini.com,Recruiter
111453,Prachi Pradeep Shinde,Digital,A4,Airoli,NA,,prachi.shinde@capgemini.com,Recruiter
113781,Bijal Bheda,GES/PES,A5,Airoli,NA,,bijal.bheda@capgemini.com,Recruiter
111961,Sadique Shaik,Testing,A5,Bangalore,NA,,sadique.a.shaik@capgemini.com,Recruiter
115540,Kapil Gupta,GES/PES,B2,Airoli,NA,,kapil.e.gupta@capgemini.com,Recruiter
112853,Manisha Dhananjay Pilane,Java,B2,Pune,NA,,manisha.pilane@capgemini.com,Recruiter
119235,Divya Singh,GES/PES,B2,Airoli,NA,,divya.a.singh@capgemini.com,Recruiter
114428,Shikha Shukla,Infra,A5,Noida,NA,,shikha.a.shukla@capgemini.com,Recruiter
114615,Manisha Ravindra Moolya,Infra,A5,Mumbai,NA,,manisha.moolya@capgemini.com,Recruiter
115499,Anitha Gopalakrishnan,Microsoft,A4,Chennai,NA,,anitha.gopalakrishnan@capgemini.com,Recruiter
115182,Akshita Salil Kadam,LBS Captives,A4,Pune,NA,,akshita.kadam@capgemini.com,Recruiter
115183,Mohamed Khalid,DSS,A5,Bangalore,NA,,mohamed.khalid@capgemini.com,Recruiter
119630,Deepak Gopal,SAP,A3,Bangalore,NA,,deepak.gopal@capgemini.com,Recruiter
117562,Spriha Mukherjee,Digital,A4,Bangalore,NA,,spriha.mukherjee@capgemini.com,Recruiter
115172,Akshatha Rangaswamy,GES/PES,A3,Pune,NA,,akshatha.rangaswamy@capgemini.com,Recruiter
119234,Priyanka Sharma,GES/PES,A4,Airoli,NA,,priyanka.d.sharma@capgemini.com,Recruiter
119670,Shalmoli Ghosh,Niche Skill,A3,Airoli,NA,,shalmoli.ghosh@capgemini.com,Recruiter
119909,Harshitha Nadubettu Lingappa,Infra,A3,Bangalore,NA,,harshitha.lingappa@capgemini.com,Recruiter
120197,Sanchari Dey,Digital,A4,Pune,NA,,sanchari.dey@capgemini.com,Recruiter
115622,Sindhu Udhayakumar,Digital,A3,Chennai,NA,,sindhu.udhayakumar@capgemini.com,Recruiter
120729,Ankita Gaur,LBS Captives,A4,Pune,NA,,ankita.gaur@capgemini.com,Recruiter
121565,SHILPA ASHIRWAD,LBS Captives,B2,Bangalore,NA,,shilpa.ashirwad@capgemini.com,Recruiter
121688,Rajneesh Ray,LBS Captives,C1,Hyderabad,NA,,rajneesh.ray@capgemini.com,Recruiter
122343,Kanishka Khandelwal,SAP,A4,Mumbai,NA,,kanishka.khandelwal@capgemini.com,Recruiter
121297,Kumari Sweety,Java,A3,Bangalore,NA,,kumari.sweety@capgemini.com,Recruiter
122717,Roopa Halli,Infra,C1,Bangalore,NA,,roopa.halli@capgemini.com,Recruiter
123948,Sweety Gupta,Java,B2,Bangalore,NA,,sweety.gupta@capgemini.com,Recruiter
126404,RAVINDRA KARELIA,Testing,C1,Mumbai,NA,,ravindra.karelia@capgemini.com,Recruiter
128575,Ankita Singh,Java,A3,Hyderabad,NA,,ankita.e.singh@capgemini.com,Recruiter
137018,Shweta Srivastava,LBS Captives,B2,Noida,NA,,shweta.srivastava@capgemini.com,Recruiter
144937,Shiveeta Bhat,LBS Captives,B2,Bangalore,NA,,shiveeta.bhat@capgemini.com,Recruiter
144991,Madhura Kedar Giri,GES/PES,B1,Mumbai,NA,,madhura.giri@capgemini.com,Recruiter
145878,Ritika Sunil Sharma,SAP,A5,Mumbai,NA,,ritika.a.sharma@capgemini.com,Recruiter
145879,NIKITHA R,LBS Captives,B1,Bangalore,NA,,nikitha.a.r@capgemini.com,Recruiter
147370,Prajwal Chandrashekar,SAP,B1,Bangalore,NA,,prajwal.a.chandrashekar@capgemini.com,Recruiter
147551,Pradeep M,LBS Captives,B2,Bangalore,NA,,pradeep.c.m@capgemini.com,Recruiter
147568,Nikhat Jahan Ansari,SAP,B1,Mumbai,NA,,nikhat-jahan.ansari@capgemini.com,Recruiter
